"File","Type","Name"
"C:\Users\ADMIN\Documents\PIC_HUU\PIC_HUU\supabase\migrations\20260617_commercial_beta_v1_group_contracts.sql","function","dissolve_groups_v2"
"C:\Users\ADMIN\Documents\PIC_HUU\PIC_HUU\supabase\migrations\20260617_commercial_beta_v1_group_contracts.sql","function","record_login_session_v1"
"C:\Users\ADMIN\Documents\PIC_HUU\PIC_HUU\supabase\migrations\20260617_commercial_beta_v1_group_contracts.sql","function","setup_groups_v2"
"C:\Users\ADMIN\Documents\PIC_HUU\PIC_HUU\supabase\migrations\20260618_commercial_beta_v1_grouping_contract.sql","function","assign_team_to_group_v1"
"C:\Users\ADMIN\Documents\PIC_HUU\PIC_HUU\supabase\migrations\20260618_commercial_beta_v1_grouping_contract.sql","function","setup_groups_v3"
"C:\Users\ADMIN\Documents\PIC_HUU\PIC_HUU\supabase\migrations\enterprise_completion_v1\002_multisport_event_matchsets.sql","alter_table","events"
"C:\Users\ADMIN\Documents\PIC_HUU\PIC_HUU\supabase\migrations\enterprise_completion_v1\002_multisport_event_matchsets.sql","alter_table","match_sets"
"C:\Users\ADMIN\Documents\PIC_HUU\PIC_HUU\supabase\migrations\enterprise_completion_v1\002_multisport_event_matchsets.sql","alter_table","sports"
"C:\Users\ADMIN\Documents\PIC_HUU\PIC_HUU\supabase\migrations\enterprise_completion_v1\002_multisport_event_matchsets.sql","drop","policy:match_sets_delete_scoped"
"C:\Users\ADMIN\Documents\PIC_HUU\PIC_HUU\supabase\migrations\enterprise_completion_v1\002_multisport_event_matchsets.sql","drop","policy:match_sets_insert_scoped"
"C:\Users\ADMIN\Documents\PIC_HUU\PIC_HUU\supabase\migrations\enterprise_completion_v1\002_multisport_event_matchsets.sql","drop","policy:match_sets_select_scoped"
"C:\Users\ADMIN\Documents\PIC_HUU\PIC_HUU\supabase\migrations\enterprise_completion_v1\002_multisport_event_matchsets.sql","drop","policy:match_sets_update_scoped"
"C:\Users\ADMIN\Documents\PIC_HUU\PIC_HUU\supabase\migrations\enterprise_completion_v1\002_multisport_event_matchsets.sql","drop","policy:sports_admin_write"
"C:\Users\ADMIN\Documents\PIC_HUU\PIC_HUU\supabase\migrations\enterprise_completion_v1\002_multisport_event_matchsets.sql","drop","policy:sports_select_active_authenticated"
"C:\Users\ADMIN\Documents\PIC_HUU\PIC_HUU\supabase\migrations\enterprise_completion_v1\002_multisport_event_matchsets.sql","index","idx_events_sport_id"
"C:\Users\ADMIN\Documents\PIC_HUU\PIC_HUU\supabase\migrations\enterprise_completion_v1\002_multisport_event_matchsets.sql","index","idx_match_sets_event_id"
"C:\Users\ADMIN\Documents\PIC_HUU\PIC_HUU\supabase\migrations\enterprise_completion_v1\002_multisport_event_matchsets.sql","index","idx_match_sets_match_id"
"C:\Users\ADMIN\Documents\PIC_HUU\PIC_HUU\supabase\migrations\enterprise_completion_v1\002_multisport_event_matchsets.sql","policy","match_sets_delete_scoped on match_sets"
"C:\Users\ADMIN\Documents\PIC_HUU\PIC_HUU\supabase\migrations\enterprise_completion_v1\002_multisport_event_matchsets.sql","policy","match_sets_insert_scoped on match_sets"
"C:\Users\ADMIN\Documents\PIC_HUU\PIC_HUU\supabase\migrations\enterprise_completion_v1\002_multisport_event_matchsets.sql","policy","match_sets_select_scoped on match_sets"
"C:\Users\ADMIN\Documents\PIC_HUU\PIC_HUU\supabase\migrations\enterprise_completion_v1\002_multisport_event_matchsets.sql","policy","match_sets_update_scoped on match_sets"
"C:\Users\ADMIN\Documents\PIC_HUU\PIC_HUU\supabase\migrations\enterprise_completion_v1\002_multisport_event_matchsets.sql","policy","sports_admin_write on sports"
"C:\Users\ADMIN\Documents\PIC_HUU\PIC_HUU\supabase\migrations\enterprise_completion_v1\002_multisport_event_matchsets.sql","policy","sports_select_active_authenticated on sports"
"C:\Users\ADMIN\Documents\PIC_HUU\PIC_HUU\supabase\migrations\enterprise_completion_v1\002_multisport_event_matchsets.sql","table","match_sets"
"C:\Users\ADMIN\Documents\PIC_HUU\PIC_HUU\supabase\migrations\enterprise_completion_v1\002_multisport_event_matchsets.sql","table","sports"
"C:\Users\ADMIN\Documents\PIC_HUU\PIC_HUU\supabase\migrations\enterprise_completion_v1\003_core_rpcs_rls_audit_scoring.sql","drop","policy:match_sets_delete_scoped"
"C:\Users\ADMIN\Documents\PIC_HUU\PIC_HUU\supabase\migrations\enterprise_completion_v1\003_core_rpcs_rls_audit_scoring.sql","drop","policy:match_sets_insert_scoped"
"C:\Users\ADMIN\Documents\PIC_HUU\PIC_HUU\supabase\migrations\enterprise_completion_v1\003_core_rpcs_rls_audit_scoring.sql","drop","policy:match_sets_select_scoped"
"C:\Users\ADMIN\Documents\PIC_HUU\PIC_HUU\supabase\migrations\enterprise_completion_v1\003_core_rpcs_rls_audit_scoring.sql","drop","policy:match_sets_update_scoped"
"C:\Users\ADMIN\Documents\PIC_HUU\PIC_HUU\supabase\migrations\enterprise_completion_v1\003_core_rpcs_rls_audit_scoring.sql","function","current_account_id"
"C:\Users\ADMIN\Documents\PIC_HUU\PIC_HUU\supabase\migrations\enterprise_completion_v1\003_core_rpcs_rls_audit_scoring.sql","function","current_role_name"
"C:\Users\ADMIN\Documents\PIC_HUU\PIC_HUU\supabase\migrations\enterprise_completion_v1\003_core_rpcs_rls_audit_scoring.sql","function","current_tenant_id"
"C:\Users\ADMIN\Documents\PIC_HUU\PIC_HUU\supabase\migrations\enterprise_completion_v1\003_core_rpcs_rls_audit_scoring.sql","function","grant_event_access_v1"
"C:\Users\ADMIN\Documents\PIC_HUU\PIC_HUU\supabase\migrations\enterprise_completion_v1\003_core_rpcs_rls_audit_scoring.sql","function","has_event_access"
"C:\Users\ADMIN\Documents\PIC_HUU\PIC_HUU\supabase\migrations\enterprise_completion_v1\003_core_rpcs_rls_audit_scoring.sql","function","has_permission"
"C:\Users\ADMIN\Documents\PIC_HUU\PIC_HUU\supabase\migrations\enterprise_completion_v1\003_core_rpcs_rls_audit_scoring.sql","function","log_audit_event_v1"
"C:\Users\ADMIN\Documents\PIC_HUU\PIC_HUU\supabase\migrations\enterprise_completion_v1\003_core_rpcs_rls_audit_scoring.sql","function","reset_match_score_v1"
"C:\Users\ADMIN\Documents\PIC_HUU\PIC_HUU\supabase\migrations\enterprise_completion_v1\003_core_rpcs_rls_audit_scoring.sql","function","revoke_event_access_v1"
"C:\Users\ADMIN\Documents\PIC_HUU\PIC_HUU\supabase\migrations\enterprise_completion_v1\003_core_rpcs_rls_audit_scoring.sql","function","update_event_config_v1"
"C:\Users\ADMIN\Documents\PIC_HUU\PIC_HUU\supabase\migrations\enterprise_completion_v1\003_core_rpcs_rls_audit_scoring.sql","function","update_match_score_v1"
"C:\Users\ADMIN\Documents\PIC_HUU\PIC_HUU\supabase\migrations\enterprise_completion_v1\003_core_rpcs_rls_audit_scoring.sql","function","update_match_set_score_v1"
"C:\Users\ADMIN\Documents\PIC_HUU\PIC_HUU\supabase\migrations\enterprise_completion_v1\003_core_rpcs_rls_audit_scoring.sql","policy","match_sets_select_scoped on match_sets"
"C:\Users\ADMIN\Documents\PIC_HUU\PIC_HUU\supabase\migrations\enterprise_completion_v1\004_team_group_schedule_knockout_rpcs.sql","alter_table","event_knockout_selections"
"C:\Users\ADMIN\Documents\PIC_HUU\PIC_HUU\supabase\migrations\enterprise_completion_v1\004_team_group_schedule_knockout_rpcs.sql","drop","policy:event_knockout_selections_no_direct_write"
"C:\Users\ADMIN\Documents\PIC_HUU\PIC_HUU\supabase\migrations\enterprise_completion_v1\004_team_group_schedule_knockout_rpcs.sql","drop","policy:event_knockout_selections_select_scoped"
"C:\Users\ADMIN\Documents\PIC_HUU\PIC_HUU\supabase\migrations\enterprise_completion_v1\004_team_group_schedule_knockout_rpcs.sql","function","archive_team_v1"
"C:\Users\ADMIN\Documents\PIC_HUU\PIC_HUU\supabase\migrations\enterprise_completion_v1\004_team_group_schedule_knockout_rpcs.sql","function","assign_team_to_group_v2"
"C:\Users\ADMIN\Documents\PIC_HUU\PIC_HUU\supabase\migrations\enterprise_completion_v1\004_team_group_schedule_knockout_rpcs.sql","function","confirm_knockout_teams_v1"
"C:\Users\ADMIN\Documents\PIC_HUU\PIC_HUU\supabase\migrations\enterprise_completion_v1\004_team_group_schedule_knockout_rpcs.sql","function","create_team_v1"
"C:\Users\ADMIN\Documents\PIC_HUU\PIC_HUU\supabase\migrations\enterprise_completion_v1\004_team_group_schedule_knockout_rpcs.sql","function","dissolve_groups_v4"
"C:\Users\ADMIN\Documents\PIC_HUU\PIC_HUU\supabase\migrations\enterprise_completion_v1\004_team_group_schedule_knockout_rpcs.sql","function","generate_knockout_bracket_v1"
"C:\Users\ADMIN\Documents\PIC_HUU\PIC_HUU\supabase\migrations\enterprise_completion_v1\004_team_group_schedule_knockout_rpcs.sql","function","generate_schedule_v1"
"C:\Users\ADMIN\Documents\PIC_HUU\PIC_HUU\supabase\migrations\enterprise_completion_v1\004_team_group_schedule_knockout_rpcs.sql","function","import_teams_v1"
"C:\Users\ADMIN\Documents\PIC_HUU\PIC_HUU\supabase\migrations\enterprise_completion_v1\004_team_group_schedule_knockout_rpcs.sql","function","p06_group_label"
"C:\Users\ADMIN\Documents\PIC_HUU\PIC_HUU\supabase\migrations\enterprise_completion_v1\004_team_group_schedule_knockout_rpcs.sql","function","p06_require_event_admin_v1"
"C:\Users\ADMIN\Documents\PIC_HUU\PIC_HUU\supabase\migrations\enterprise_completion_v1\004_team_group_schedule_knockout_rpcs.sql","function","prepare_knockout_candidates_v1"
"C:\Users\ADMIN\Documents\PIC_HUU\PIC_HUU\supabase\migrations\enterprise_completion_v1\004_team_group_schedule_knockout_rpcs.sql","function","setup_groups_v4"
"C:\Users\ADMIN\Documents\PIC_HUU\PIC_HUU\supabase\migrations\enterprise_completion_v1\004_team_group_schedule_knockout_rpcs.sql","function","update_team_v1"
"C:\Users\ADMIN\Documents\PIC_HUU\PIC_HUU\supabase\migrations\enterprise_completion_v1\004_team_group_schedule_knockout_rpcs.sql","index","event_knockout_selections_event_seed_active_idx"
"C:\Users\ADMIN\Documents\PIC_HUU\PIC_HUU\supabase\migrations\enterprise_completion_v1\004_team_group_schedule_knockout_rpcs.sql","index","event_knockout_selections_event_team_active_idx"
"C:\Users\ADMIN\Documents\PIC_HUU\PIC_HUU\supabase\migrations\enterprise_completion_v1\004_team_group_schedule_knockout_rpcs.sql","policy","event_knockout_selections_select_scoped on event_knockout_selections"
"C:\Users\ADMIN\Documents\PIC_HUU\PIC_HUU\supabase\migrations\enterprise_completion_v1\004_team_group_schedule_knockout_rpcs.sql","table","event_knockout_selections"
"C:\Users\ADMIN\Documents\PIC_HUU\PIC_HUU\supabase\migrations\enterprise_completion_v1\005_context_scope_hardening.sql","alter_table","events"
"C:\Users\ADMIN\Documents\PIC_HUU\PIC_HUU\supabase\migrations\enterprise_completion_v1\005_context_scope_hardening.sql","alter_table","public"
"C:\Users\ADMIN\Documents\PIC_HUU\PIC_HUU\supabase\migrations\enterprise_completion_v1\005_context_scope_hardening.sql","alter_table","tournament"
"C:\Users\ADMIN\Documents\PIC_HUU\PIC_HUU\supabase\migrations\enterprise_completion_v1\005_context_scope_hardening.sql","function","get_workspace_context_v1"
"C:\Users\ADMIN\Documents\PIC_HUU\PIC_HUU\supabase\migrations\enterprise_completion_v1\005_context_scope_hardening.sql","index","idx_events_tournament_id"
"C:\Users\ADMIN\Documents\PIC_HUU\PIC_HUU\supabase\migrations\enterprise_completion_v1\005_context_scope_hardening.sql","index","idx_groups_event_id_partial"
"C:\Users\ADMIN\Documents\PIC_HUU\PIC_HUU\supabase\migrations\enterprise_completion_v1\005_context_scope_hardening.sql","index","idx_match_sets_event_id_partial"
"C:\Users\ADMIN\Documents\PIC_HUU\PIC_HUU\supabase\migrations\enterprise_completion_v1\005_context_scope_hardening.sql","index","idx_matches_event_id_partial"
"C:\Users\ADMIN\Documents\PIC_HUU\PIC_HUU\supabase\migrations\enterprise_completion_v1\005_context_scope_hardening.sql","index","idx_teams_event_id_partial"
"C:\Users\ADMIN\Documents\PIC_HUU\PIC_HUU\supabase\migrations\enterprise_completion_v1\005_context_scope_hardening.sql","index","idx_tournament_tenant_id"
"C:\Users\ADMIN\Documents\PIC_HUU\PIC_HUU\supabase\migrations\enterprise_completion_v1\005_context_scope_hardening.sql","index","idx_tournament_tenant_slug"
"C:\Users\ADMIN\Documents\PIC_HUU\PIC_HUU\supabase\migrations\enterprise_completion_v1\006_tenant_management_rpcs.sql","alter_table","tenants"
"C:\Users\ADMIN\Documents\PIC_HUU\PIC_HUU\supabase\migrations\enterprise_completion_v1\006_tenant_management_rpcs.sql","function","archive_tenant_v1"
"C:\Users\ADMIN\Documents\PIC_HUU\PIC_HUU\supabase\migrations\enterprise_completion_v1\006_tenant_management_rpcs.sql","function","create_tenant_v1"
"C:\Users\ADMIN\Documents\PIC_HUU\PIC_HUU\supabase\migrations\enterprise_completion_v1\006_tenant_management_rpcs.sql","function","ensure_manage_tenants_v1"
"C:\Users\ADMIN\Documents\PIC_HUU\PIC_HUU\supabase\migrations\enterprise_completion_v1\006_tenant_management_rpcs.sql","function","list_tenants_v1"
"C:\Users\ADMIN\Documents\PIC_HUU\PIC_HUU\supabase\migrations\enterprise_completion_v1\006_tenant_management_rpcs.sql","function","restore_tenant_v1"
"C:\Users\ADMIN\Documents\PIC_HUU\PIC_HUU\supabase\migrations\enterprise_completion_v1\006_tenant_management_rpcs.sql","function","update_tenant_v1"
"C:\Users\ADMIN\Documents\PIC_HUU\PIC_HUU\supabase\migrations\enterprise_completion_v1\006_tenant_management_rpcs.sql","index","idx_tenants_status"
"C:\Users\ADMIN\Documents\PIC_HUU\PIC_HUU\supabase\migrations\enterprise_completion_v1\006_tenant_management_rpcs.sql","index","tenants_slug_unique_idx"
"C:\Users\ADMIN\Documents\PIC_HUU\PIC_HUU\supabase\migrations\enterprise_completion_v1\007_tournament_management_rpcs.sql","alter_table","tournament"
"C:\Users\ADMIN\Documents\PIC_HUU\PIC_HUU\supabase\migrations\enterprise_completion_v1\007_tournament_management_rpcs.sql","function","archive_tournament_v1"
"C:\Users\ADMIN\Documents\PIC_HUU\PIC_HUU\supabase\migrations\enterprise_completion_v1\007_tournament_management_rpcs.sql","function","create_tournament_v1"
"C:\Users\ADMIN\Documents\PIC_HUU\PIC_HUU\supabase\migrations\enterprise_completion_v1\007_tournament_management_rpcs.sql","function","ensure_manage_tournaments_v1"
"C:\Users\ADMIN\Documents\PIC_HUU\PIC_HUU\supabase\migrations\enterprise_completion_v1\007_tournament_management_rpcs.sql","function","list_tournaments_v1"
"C:\Users\ADMIN\Documents\PIC_HUU\PIC_HUU\supabase\migrations\enterprise_completion_v1\007_tournament_management_rpcs.sql","function","restore_tournament_v1"
"C:\Users\ADMIN\Documents\PIC_HUU\PIC_HUU\supabase\migrations\enterprise_completion_v1\007_tournament_management_rpcs.sql","function","update_tournament_v1"
"C:\Users\ADMIN\Documents\PIC_HUU\PIC_HUU\supabase\migrations\enterprise_completion_v1\007_tournament_management_rpcs.sql","index","idx_tournament_status"
"C:\Users\ADMIN\Documents\PIC_HUU\PIC_HUU\supabase\migrations\enterprise_completion_v1\007_tournament_management_rpcs.sql","index","idx_tournament_tenant_id"
"C:\Users\ADMIN\Documents\PIC_HUU\PIC_HUU\supabase\migrations\enterprise_completion_v1\007_tournament_management_rpcs.sql","index","tournament_tenant_slug_unique_idx"
"C:\Users\ADMIN\Documents\PIC_HUU\PIC_HUU\supabase\migrations\enterprise_completion_v1\008_event_management_rpcs.sql","function","archive_event_v1"
"C:\Users\ADMIN\Documents\PIC_HUU\PIC_HUU\supabase\migrations\enterprise_completion_v1\008_event_management_rpcs.sql","function","create_event_v1"
"C:\Users\ADMIN\Documents\PIC_HUU\PIC_HUU\supabase\migrations\enterprise_completion_v1\008_event_management_rpcs.sql","function","ensure_manage_event_for_tournament_v1"
"C:\Users\ADMIN\Documents\PIC_HUU\PIC_HUU\supabase\migrations\enterprise_completion_v1\008_event_management_rpcs.sql","function","list_events_by_tournament_v1"
"C:\Users\ADMIN\Documents\PIC_HUU\PIC_HUU\supabase\migrations\enterprise_completion_v1\008_event_management_rpcs.sql","function","restore_event_v1"
"C:\Users\ADMIN\Documents\PIC_HUU\PIC_HUU\supabase\migrations\enterprise_completion_v1\008_event_management_rpcs.sql","function","update_event_v1"
"C:\Users\ADMIN\Documents\PIC_HUU\PIC_HUU\supabase\migrations\enterprise_completion_v1\008_event_management_rpcs.sql","function","validate_event_config_v1"
"C:\Users\ADMIN\Documents\PIC_HUU\PIC_HUU\supabase\migrations\enterprise_completion_v1\008_event_management_rpcs.sql","index","idx_events_tournament_name_active"
"C:\Users\ADMIN\Documents\PIC_HUU\PIC_HUU\supabase\migrations\enterprise_completion_v1\008_event_management_rpcs.sql","index","idx_events_tournament_status"
"C:\Users\ADMIN\Documents\PIC_HUU\PIC_HUU\supabase\migrations\enterprise_completion_v1\009_event_access_referee_rpcs.sql","alter_table","account_event_permissions"
"C:\Users\ADMIN\Documents\PIC_HUU\PIC_HUU\supabase\migrations\enterprise_completion_v1\009_event_access_referee_rpcs.sql","function","ensure_manage_event_access_v1"
"C:\Users\ADMIN\Documents\PIC_HUU\PIC_HUU\supabase\migrations\enterprise_completion_v1\009_event_access_referee_rpcs.sql","function","grant_event_access_v1"
"C:\Users\ADMIN\Documents\PIC_HUU\PIC_HUU\supabase\migrations\enterprise_completion_v1\009_event_access_referee_rpcs.sql","function","list_event_access_v1"
"C:\Users\ADMIN\Documents\PIC_HUU\PIC_HUU\supabase\migrations\enterprise_completion_v1\009_event_access_referee_rpcs.sql","function","revoke_event_access_v1"
"C:\Users\ADMIN\Documents\PIC_HUU\PIC_HUU\supabase\migrations\enterprise_completion_v1\009_event_access_referee_rpcs.sql","index","account_event_permissions_active_permission_uidx"
"C:\Users\ADMIN\Documents\PIC_HUU\PIC_HUU\supabase\migrations\enterprise_completion_v1\009_event_access_referee_rpcs.sql","index","idx_account_event_permissions_account_active"
"C:\Users\ADMIN\Documents\PIC_HUU\PIC_HUU\supabase\migrations\enterprise_completion_v1\009_event_access_referee_rpcs.sql","index","idx_account_event_permissions_event_active"
"C:\Users\ADMIN\Documents\PIC_HUU\PIC_HUU\supabase\migrations\enterprise_completion_v1\010_business_rpc_context_validation.sql","function","has_event_access"
"C:\Users\ADMIN\Documents\PIC_HUU\PIC_HUU\supabase\migrations\enterprise_completion_v1\010_business_rpc_context_validation.sql","function","p06_require_event_admin_v1"
"C:\Users\ADMIN\Documents\PIC_HUU\PIC_HUU\supabase\migrations\enterprise_completion_v1\010_business_rpc_context_validation.sql","function","p10_has_event_permission_v1"
"C:\Users\ADMIN\Documents\PIC_HUU\PIC_HUU\supabase\migrations\enterprise_completion_v1\010_business_rpc_context_validation.sql","function","p10_require_event_admin_v1"
"C:\Users\ADMIN\Documents\PIC_HUU\PIC_HUU\supabase\migrations\enterprise_completion_v1\010_business_rpc_context_validation.sql","function","p10_require_match_score_context_v1"
"C:\Users\ADMIN\Documents\PIC_HUU\PIC_HUU\supabase\migrations\enterprise_completion_v1\010_business_rpc_context_validation.sql","function","p10_validate_event_context_v1"
"C:\Users\ADMIN\Documents\PIC_HUU\PIC_HUU\supabase\migrations\enterprise_completion_v1\010_business_rpc_context_validation.sql","function","reset_match_score_v1"
"C:\Users\ADMIN\Documents\PIC_HUU\PIC_HUU\supabase\migrations\enterprise_completion_v1\010_business_rpc_context_validation.sql","function","update_match_score_v1"
"C:\Users\ADMIN\Documents\PIC_HUU\PIC_HUU\supabase\migrations\enterprise_completion_v1\010_business_rpc_context_validation.sql","function","update_match_set_score_v1"
"C:\Users\ADMIN\Documents\PIC_HUU\PIC_HUU\supabase\migrations\enterprise_completion_v1\011_saas_account_tenant_stability.sql","function","create_tenant_v1"
"C:\Users\ADMIN\Documents\PIC_HUU\PIC_HUU\supabase\migrations\enterprise_completion_v1\012_score_schedule_knockout_fix.sql","alter_table","event_knockout_selections"
"C:\Users\ADMIN\Documents\PIC_HUU\PIC_HUU\supabase\migrations\enterprise_completion_v1\012_score_schedule_knockout_fix.sql","alter_table","events"
"C:\Users\ADMIN\Documents\PIC_HUU\PIC_HUU\supabase\migrations\enterprise_completion_v1\012_score_schedule_knockout_fix.sql","alter_table","matches"
"C:\Users\ADMIN\Documents\PIC_HUU\PIC_HUU\supabase\migrations\enterprise_completion_v1\012_score_schedule_knockout_fix.sql","function","confirm_knockout_teams_v1"
"C:\Users\ADMIN\Documents\PIC_HUU\PIC_HUU\supabase\migrations\enterprise_completion_v1\012_score_schedule_knockout_fix.sql","function","generate_knockout_bracket_v1"
"C:\Users\ADMIN\Documents\PIC_HUU\PIC_HUU\supabase\migrations\enterprise_completion_v1\012_score_schedule_knockout_fix.sql","function","generate_schedule_v1"
"C:\Users\ADMIN\Documents\PIC_HUU\PIC_HUU\supabase\migrations\enterprise_completion_v1\012_score_schedule_knockout_fix.sql","function","p12_knockout_seed_label_v1"
"C:\Users\ADMIN\Documents\PIC_HUU\PIC_HUU\supabase\migrations\enterprise_completion_v1\012_score_schedule_knockout_fix.sql","function","p12_propagate_knockout_winner_v1"
"C:\Users\ADMIN\Documents\PIC_HUU\PIC_HUU\supabase\migrations\enterprise_completion_v1\012_score_schedule_knockout_fix.sql","function","p12_rank_label_v1"
"C:\Users\ADMIN\Documents\PIC_HUU\PIC_HUU\supabase\migrations\enterprise_completion_v1\012_score_schedule_knockout_fix.sql","function","p12_reset_knockout_downstream_v1"
"C:\Users\ADMIN\Documents\PIC_HUU\PIC_HUU\supabase\migrations\enterprise_completion_v1\012_score_schedule_knockout_fix.sql","function","p12_short_ko_label_v1"
"C:\Users\ADMIN\Documents\PIC_HUU\PIC_HUU\supabase\migrations\enterprise_completion_v1\012_score_schedule_knockout_fix.sql","function","prepare_knockout_candidates_v1"
"C:\Users\ADMIN\Documents\PIC_HUU\PIC_HUU\supabase\migrations\enterprise_completion_v1\012_score_schedule_knockout_fix.sql","function","reset_match_score_v1"
"C:\Users\ADMIN\Documents\PIC_HUU\PIC_HUU\supabase\migrations\enterprise_completion_v1\012_score_schedule_knockout_fix.sql","function","update_match_score_v1"
"C:\Users\ADMIN\Documents\PIC_HUU\PIC_HUU\supabase\migrations\enterprise_completion_v1\012_score_schedule_knockout_fix.sql","function","update_match_set_score_v1"
"C:\Users\ADMIN\Documents\PIC_HUU\PIC_HUU\supabase\migrations\enterprise_completion_v1\012_score_schedule_knockout_fix.sql","index","idx_matches_event_display_order"
"C:\Users\ADMIN\Documents\PIC_HUU\PIC_HUU\supabase\migrations\enterprise_completion_v1\013_fix_generate_schedule_jsonb_team_order.sql","function","generate_schedule_v1"
"C:\Users\ADMIN\Documents\PIC_HUU\PIC_HUU\supabase\migrations\enterprise_completion_v1\014_content_pdf_group_order_and_setdiff.sql","drop","function:assign_team_to_group_v2"
"C:\Users\ADMIN\Documents\PIC_HUU\PIC_HUU\supabase\migrations\enterprise_completion_v1\014_content_pdf_group_order_and_setdiff.sql","function","assign_team_to_group_v2"
"C:\Users\ADMIN\Documents\PIC_HUU\PIC_HUU\supabase\migrations\enterprise_completion_v1\014_content_pdf_group_order_and_setdiff.sql","function","setup_groups_v4"
"C:\Users\ADMIN\Documents\PIC_HUU\PIC_HUU\supabase\migrations\enterprise_completion_v1\015_content_pdf_score_finalize_and_knockout_cleanup.sql","function","clear_knockout_bracket_v1"
"C:\Users\ADMIN\Documents\PIC_HUU\PIC_HUU\supabase\migrations\enterprise_completion_v1\015_content_pdf_score_finalize_and_knockout_cleanup.sql","function","finalize_match_score_v1"
"C:\Users\ADMIN\Documents\PIC_HUU\PIC_HUU\supabase\migrations\enterprise_completion_v1\015_content_pdf_score_finalize_and_knockout_cleanup.sql","function","prepare_knockout_candidates_v1"
"C:\Users\ADMIN\Documents\PIC_HUU\PIC_HUU\supabase\migrations\enterprise_completion_v1\015_content_pdf_score_finalize_and_knockout_cleanup.sql","function","update_match_set_score_v1"
"C:\Users\ADMIN\Documents\PIC_HUU\PIC_HUU\supabase\migrations\enterprise_completion_v1\016_content_pdf_knockout_rank_labels.sql","function","p12_knockout_seed_label_v1"
"C:\Users\ADMIN\Documents\PIC_HUU\PIC_HUU\supabase\migrations\enterprise_completion_v1\016_content_pdf_knockout_rank_labels.sql","function","p12_rank_label_v1"
"C:\Users\ADMIN\Documents\PIC_HUU\PIC_HUU\supabase\migrations\enterprise_completion_v1\017_public_workspace_context.sql","function","get_workspace_context_v1"
"C:\Users\ADMIN\Documents\PIC_HUU\PIC_HUU\supabase\migrations\enterprise_completion_v1\018_simplify_generate_knockout_bracket.sql","function","generate_knockout_bracket_v1"
"C:\Users\ADMIN\Documents\PIC_HUU\PIC_HUU\supabase\migrations\enterprise_completion_v1\019_manual_placeholder_knockout_bracket.sql","function","save_manual_knockout_bracket_v1"
"C:\Users\ADMIN\Documents\PIC_HUU\PIC_HUU\supabase\migrations\enterprise_completion_v1\020_accessible_workspaces_and_account_scope.sql","function","list_accessible_workspaces_v1"
"C:\Users\ADMIN\Documents\PIC_HUU\PIC_HUU\supabase\migrations\enterprise_completion_v1\020_accessible_workspaces_and_account_scope.sql","function","list_account_access_summary_v1"
"C:\Users\ADMIN\Documents\PIC_HUU\PIC_HUU\supabase\migrations\enterprise_completion_v1\020_knockout_slots_rank_sources.sql","alter_table","knockout_slots"
"C:\Users\ADMIN\Documents\PIC_HUU\PIC_HUU\supabase\migrations\enterprise_completion_v1\020_knockout_slots_rank_sources.sql","function","clear_knockout_bracket_v1"
"C:\Users\ADMIN\Documents\PIC_HUU\PIC_HUU\supabase\migrations\enterprise_completion_v1\020_knockout_slots_rank_sources.sql","function","save_manual_knockout_bracket_v1"
"C:\Users\ADMIN\Documents\PIC_HUU\PIC_HUU\supabase\migrations\enterprise_completion_v1\020_knockout_slots_rank_sources.sql","index","idx_knockout_slots_event_active"
"C:\Users\ADMIN\Documents\PIC_HUU\PIC_HUU\supabase\migrations\enterprise_completion_v1\020_knockout_slots_rank_sources.sql","index","ux_knockout_slots_active_match_slot"
"C:\Users\ADMIN\Documents\PIC_HUU\PIC_HUU\supabase\migrations\enterprise_completion_v1\020_knockout_slots_rank_sources.sql","policy","knockout_slots_select_tenant_or_super on knockout_slots"
"C:\Users\ADMIN\Documents\PIC_HUU\PIC_HUU\supabase\migrations\enterprise_completion_v1\020_knockout_slots_rank_sources.sql","table","knockout_slots"
"C:\Users\ADMIN\Documents\PIC_HUU\PIC_HUU\supabase\migrations\enterprise_completion_v1\021_resolve_knockout_slots_order.sql","function","resolve_knockout_slots_v1"
"C:\Users\ADMIN\Documents\PIC_HUU\PIC_HUU\supabase\migrations\enterprise_completion_v1\022_sync_knockout_slots_after_group_score_reset.sql","function","p22_assert_group_stage_change_allowed_v1"
"C:\Users\ADMIN\Documents\PIC_HUU\PIC_HUU\supabase\migrations\enterprise_completion_v1\022_sync_knockout_slots_after_group_score_reset.sql","function","p22_sync_knockout_after_group_stage_change_v1"
"C:\Users\ADMIN\Documents\PIC_HUU\PIC_HUU\supabase\migrations\enterprise_completion_v1\022_sync_knockout_slots_after_group_score_reset.sql","function","reset_match_score_v1"
"C:\Users\ADMIN\Documents\PIC_HUU\PIC_HUU\supabase\migrations\enterprise_completion_v1\022_sync_knockout_slots_after_group_score_reset.sql","function","update_match_score_v1"
"C:\Users\ADMIN\Documents\PIC_HUU\PIC_HUU\supabase\migrations\enterprise_completion_v1\023_fix_knockout_resolve_null_metadata.sql","function","resolve_knockout_slots_v1"
"C:\Users\ADMIN\Documents\PIC_HUU\PIC_HUU\supabase\migrations\enterprise_completion_v1\024_event_permission_tree_and_event_admin_accounts.sql","alter_table","account_event_permissions"
"C:\Users\ADMIN\Documents\PIC_HUU\PIC_HUU\supabase\migrations\enterprise_completion_v1\024_event_permission_tree_and_event_admin_accounts.sql","alter_table","accounts"
"C:\Users\ADMIN\Documents\PIC_HUU\PIC_HUU\supabase\migrations\enterprise_completion_v1\024_event_permission_tree_and_event_admin_accounts.sql","function","ensure_manage_event_access_v1"
"C:\Users\ADMIN\Documents\PIC_HUU\PIC_HUU\supabase\migrations\enterprise_completion_v1\024_event_permission_tree_and_event_admin_accounts.sql","function","grant_event_access_v1"
"C:\Users\ADMIN\Documents\PIC_HUU\PIC_HUU\supabase\migrations\enterprise_completion_v1\024_event_permission_tree_and_event_admin_accounts.sql","function","has_event_permission"
"C:\Users\ADMIN\Documents\PIC_HUU\PIC_HUU\supabase\migrations\enterprise_completion_v1\024_event_permission_tree_and_event_admin_accounts.sql","function","list_account_access_summary_v1"
"C:\Users\ADMIN\Documents\PIC_HUU\PIC_HUU\supabase\migrations\enterprise_completion_v1\024_event_permission_tree_and_event_admin_accounts.sql","function","list_permission_tree_v1"
"C:\Users\ADMIN\Documents\PIC_HUU\PIC_HUU\supabase\migrations\enterprise_completion_v1\024_event_permission_tree_and_event_admin_accounts.sql","function","revoke_event_access_v1"
"C:\Users\ADMIN\Documents\PIC_HUU\PIC_HUU\supabase\migrations\enterprise_completion_v1\024_match_status_playing_pending.sql","function","update_match_status_v1"
"C:\Users\ADMIN\Documents\PIC_HUU\PIC_HUU\supabase\migrations\enterprise_completion_v1\025_event_admin_default_event_permissions.sql","alter_table","account_event_permissions"
"C:\Users\ADMIN\Documents\PIC_HUU\PIC_HUU\supabase\migrations\enterprise_completion_v1\025_event_admin_default_event_permissions.sql","function","event_admin_default_permissions_v1"
"C:\Users\ADMIN\Documents\PIC_HUU\PIC_HUU\supabase\migrations\enterprise_completion_v1\025_event_admin_default_event_permissions.sql","function","grant_event_access_v1"
"C:\Users\ADMIN\Documents\PIC_HUU\PIC_HUU\supabase\migrations\enterprise_completion_v1\025_event_admin_default_event_permissions.sql","index","account_event_permissions_active_permission_uidx"
"C:\Users\ADMIN\Documents\PIC_HUU\PIC_HUU\supabase\migrations\enterprise_completion_v1\025_public_tournament_snapshot.sql","function","get_public_tournament_snapshot_v1"
"C:\Users\ADMIN\Documents\PIC_HUU\PIC_HUU\supabase\migrations\enterprise_completion_v1\026_event_scoped_effective_permissions.sql","function","get_current_profile"
"C:\Users\ADMIN\Documents\PIC_HUU\PIC_HUU\supabase\migrations\enterprise_completion_v1\026_event_scoped_effective_permissions.sql","function","list_events_by_tournament_v1"
"C:\Users\ADMIN\Documents\PIC_HUU\PIC_HUU\supabase\migrations\enterprise_completion_v1\027_event_admin_groups_archived_visibility.sql","function","create_event_v1"
"C:\Users\ADMIN\Documents\PIC_HUU\PIC_HUU\supabase\migrations\enterprise_completion_v1\027_event_admin_groups_archived_visibility.sql","function","ensure_manage_event_for_tournament_v1"
"C:\Users\ADMIN\Documents\PIC_HUU\PIC_HUU\supabase\migrations\enterprise_completion_v1\027_event_admin_groups_archived_visibility.sql","function","event_admin_default_permissions_v1"
"C:\Users\ADMIN\Documents\PIC_HUU\PIC_HUU\supabase\migrations\enterprise_completion_v1\027_event_admin_groups_archived_visibility.sql","function","get_public_tournament_snapshot_v1"
"C:\Users\ADMIN\Documents\PIC_HUU\PIC_HUU\supabase\migrations\enterprise_completion_v1\027_event_admin_groups_archived_visibility.sql","function","grant_event_access_v1"
"C:\Users\ADMIN\Documents\PIC_HUU\PIC_HUU\supabase\migrations\enterprise_completion_v1\027_event_admin_groups_archived_visibility.sql","function","has_event_access"
"C:\Users\ADMIN\Documents\PIC_HUU\PIC_HUU\supabase\migrations\enterprise_completion_v1\027_event_admin_groups_archived_visibility.sql","function","has_event_permission"
"C:\Users\ADMIN\Documents\PIC_HUU\PIC_HUU\supabase\migrations\enterprise_completion_v1\027_event_admin_groups_archived_visibility.sql","function","list_events_by_tournament_v1"
"C:\Users\ADMIN\Documents\PIC_HUU\PIC_HUU\supabase\migrations\enterprise_completion_v1\027_event_admin_groups_archived_visibility.sql","function","list_permission_tree_v1"
"C:\Users\ADMIN\Documents\PIC_HUU\PIC_HUU\supabase\migrations\enterprise_completion_v1\028_hide_archived_workspaces.sql","function","list_accessible_workspaces_v1"
"C:\Users\ADMIN\Documents\PIC_HUU\PIC_HUU\supabase\migrations\enterprise_completion_v1\029_archived_admin_and_permission_session_invalidation.sql","function","grant_event_access_v1"
"C:\Users\ADMIN\Documents\PIC_HUU\PIC_HUU\supabase\migrations\enterprise_completion_v1\029_archived_admin_and_permission_session_invalidation.sql","function","hard_delete_event_v1"
"C:\Users\ADMIN\Documents\PIC_HUU\PIC_HUU\supabase\migrations\enterprise_completion_v1\029_archived_admin_and_permission_session_invalidation.sql","function","hard_delete_tournament_v1"
"C:\Users\ADMIN\Documents\PIC_HUU\PIC_HUU\supabase\migrations\enterprise_completion_v1\029_archived_admin_and_permission_session_invalidation.sql","function","invalidate_account_sessions_v1"
"C:\Users\ADMIN\Documents\PIC_HUU\PIC_HUU\supabase\migrations\enterprise_completion_v1\029_archived_admin_and_permission_session_invalidation.sql","function","list_archived_events_v1"
"C:\Users\ADMIN\Documents\PIC_HUU\PIC_HUU\supabase\migrations\enterprise_completion_v1\029_archived_admin_and_permission_session_invalidation.sql","function","list_archived_tournaments_v1"
"C:\Users\ADMIN\Documents\PIC_HUU\PIC_HUU\supabase\migrations\enterprise_completion_v1\029_archived_admin_and_permission_session_invalidation.sql","function","revoke_event_access_v1"
"C:\Users\ADMIN\Documents\PIC_HUU\PIC_HUU\supabase\migrations\enterprise_completion_v1\030_enforce_live_permission_revocation.sql","alter_table","active_sessions"
"C:\Users\ADMIN\Documents\PIC_HUU\PIC_HUU\supabase\migrations\enterprise_completion_v1\030_enforce_live_permission_revocation.sql","function","p10_require_match_score_context_v1"
"C:\Users\ADMIN\Documents\PIC_HUU\PIC_HUU\supabase\migrations\enterprise_completion_v1\030_enforce_live_permission_revocation.sql","function","record_login_session_v1"
"C:\Users\ADMIN\Documents\PIC_HUU\PIC_HUU\supabase\migrations\enterprise_completion_v1\030_enforce_live_permission_revocation.sql","index","ux_active_sessions_session_token"
"C:\Users\ADMIN\Documents\PIC_HUU\PIC_HUU\supabase\migrations\enterprise_completion_v1\031_enforce_event_permission_tree_operations.sql","function","has_event_permission"
"C:\Users\ADMIN\Documents\PIC_HUU\PIC_HUU\supabase\migrations\enterprise_completion_v1\031_enforce_event_permission_tree_operations.sql","function","p06_require_event_admin_v1"
"C:\Users\ADMIN\Documents\PIC_HUU\PIC_HUU\supabase\migrations\enterprise_completion_v1\031_enforce_event_permission_tree_operations.sql","function","p10_has_event_permission_v1"
"C:\Users\ADMIN\Documents\PIC_HUU\PIC_HUU\supabase\migrations\enterprise_completion_v1\031_enforce_event_permission_tree_operations.sql","function","p10_normalize_event_permission_v1"
"C:\Users\ADMIN\Documents\PIC_HUU\PIC_HUU\supabase\migrations\enterprise_completion_v1\031_enforce_event_permission_tree_operations.sql","function","p10_require_event_admin_v1"
"C:\Users\ADMIN\Documents\PIC_HUU\PIC_HUU\supabase\migrations\enterprise_completion_v1\032_archived_tenant_hard_delete.sql","function","hard_delete_tenant_v1"
"C:\Users\ADMIN\Documents\PIC_HUU\PIC_HUU\supabase\migrations\enterprise_completion_v1\032_archived_tenant_hard_delete.sql","function","list_archived_tenants_v1"
"C:\Users\ADMIN\Documents\PIC_HUU\PIC_HUU\supabase\migrations\enterprise_completion_v1\033_round_set_modes.sql","function","assert_round_set_modes_change_allowed_v1"
"C:\Users\ADMIN\Documents\PIC_HUU\PIC_HUU\supabase\migrations\enterprise_completion_v1\033_round_set_modes.sql","function","finalize_match_score_v1"
"C:\Users\ADMIN\Documents\PIC_HUU\PIC_HUU\supabase\migrations\enterprise_completion_v1\033_round_set_modes.sql","function","get_match_round_key_v1"
"C:\Users\ADMIN\Documents\PIC_HUU\PIC_HUU\supabase\migrations\enterprise_completion_v1\033_round_set_modes.sql","function","get_match_set_mode_v1"
"C:\Users\ADMIN\Documents\PIC_HUU\PIC_HUU\supabase\migrations\enterprise_completion_v1\033_round_set_modes.sql","function","normalize_round_set_modes_v1"
"C:\Users\ADMIN\Documents\PIC_HUU\PIC_HUU\supabase\migrations\enterprise_completion_v1\033_round_set_modes.sql","function","update_event_config_v1"
"C:\Users\ADMIN\Documents\PIC_HUU\PIC_HUU\supabase\migrations\enterprise_completion_v1\033_round_set_modes.sql","function","update_match_set_score_v1"
"C:\Users\ADMIN\Documents\PIC_HUU\PIC_HUU\supabase\migrations\enterprise_completion_v1\033_round_set_modes.sql","function","validate_event_config_v1"
"C:\Users\ADMIN\Documents\PIC_HUU\PIC_HUU\supabase\migrations\enterprise_completion_v1\034_fix_event_config_permission_guard.sql","function","update_event_config_v1"
"C:\Users\ADMIN\Documents\PIC_HUU\PIC_HUU\supabase\migrations\enterprise_completion_v1\035_fix_event_config_missing_updated_at.sql","function","update_event_config_v1"
"C:\Users\ADMIN\Documents\PIC_HUU\PIC_HUU\supabase\migrations\enterprise_completion_v1\036_round_scoring_rules.sql","function","assert_round_set_modes_change_allowed_v1"
"C:\Users\ADMIN\Documents\PIC_HUU\PIC_HUU\supabase\migrations\enterprise_completion_v1\036_round_scoring_rules.sql","function","get_match_scoring_rule_v1"
"C:\Users\ADMIN\Documents\PIC_HUU\PIC_HUU\supabase\migrations\enterprise_completion_v1\036_round_scoring_rules.sql","function","get_match_set_mode_v1"
"C:\Users\ADMIN\Documents\PIC_HUU\PIC_HUU\supabase\migrations\enterprise_completion_v1\036_round_scoring_rules.sql","function","normalize_round_scoring_rules_v1"
"C:\Users\ADMIN\Documents\PIC_HUU\PIC_HUU\supabase\migrations\enterprise_completion_v1\036_round_scoring_rules.sql","function","normalize_round_set_modes_v1"
"C:\Users\ADMIN\Documents\PIC_HUU\PIC_HUU\supabase\migrations\enterprise_completion_v1\036_round_scoring_rules.sql","function","update_match_set_score_v1"
"C:\Users\ADMIN\Documents\PIC_HUU\PIC_HUU\supabase\migrations\enterprise_completion_v1\036_round_scoring_rules.sql","function","validate_event_config_v1"
"C:\Users\ADMIN\Documents\PIC_HUU\PIC_HUU\supabase\migrations\phase_3a_index_hardening_v57_staging.sql","index","cannot"
"C:\Users\ADMIN\Documents\PIC_HUU\PIC_HUU\supabase\migrations\phase_3a_index_hardening_v57_staging.sql","index","idx_accounts_role_id"
"C:\Users\ADMIN\Documents\PIC_HUU\PIC_HUU\supabase\migrations\phase_3a_index_hardening_v57_staging.sql","index","idx_acct_event_perms_event_partial"
"C:\Users\ADMIN\Documents\PIC_HUU\PIC_HUU\supabase\migrations\phase_3a_index_hardening_v57_staging.sql","index","idx_audit_logs_tenant_id_id_desc"
"C:\Users\ADMIN\Documents\PIC_HUU\PIC_HUU\supabase\migrations\phase_3a_index_hardening_v57_staging.sql","index","idx_groups_event_id_partial"
"C:\Users\ADMIN\Documents\PIC_HUU\PIC_HUU\supabase\migrations\phase_3a_index_hardening_v57_staging.sql","index","idx_groups_tournament_id"
"C:\Users\ADMIN\Documents\PIC_HUU\PIC_HUU\supabase\migrations\phase_3a_index_hardening_v57_staging.sql","index","idx_invoices_tenant_date_desc"
"C:\Users\ADMIN\Documents\PIC_HUU\PIC_HUU\supabase\migrations\phase_3a_index_hardening_v57_staging.sql","index","idx_matches_event_id_partial"
"C:\Users\ADMIN\Documents\PIC_HUU\PIC_HUU\supabase\migrations\phase_3a_index_hardening_v57_staging.sql","index","idx_teams_event_id_partial"
"C:\Users\ADMIN\Documents\PIC_HUU\PIC_HUU\supabase\migrations\phase_3a_index_hardening_v57_staging.sql","index","idx_tenant_subscriptions_active_partial"
