"File","ObjectCount","MatchedInMigrations","MatchRatio","ObjectTypes","Objects","MatchedObjects"
"ENTERPRISE_ACCOUNT_SQL.sql","28","0","0","drop,function,index,table,trigger","drop:table:account_event_permissions; drop:table:account_permissions; drop:table:accounts; drop:table:active_sessions; drop:table:login_logs; drop:table:permissions; drop:table:roles; drop:table:tenants; function:update_modified_column; index:idx_accounts_tenant_id; index:idx_accounts_user_id; index:idx_acct_event_perms_account; index:idx_acct_perms_account; index:idx_active_sessions_account; index:idx_login_logs_account; index:idx_login_logs_created_at; index:idx_tenants_slug; table:account_event_permissions; table:account_permissions; table:accounts; table:active_sessions; table:login_logs; table:permissions; table:roles; table:tenants; trigger:update_accounts_modtime; trigger:update_roles_modtime; trigger:update_tenants_modtime",""
"ENTERPRISE_ACCOUNT_SQL_v2.sql","31","0","0","drop,function,index,table,trigger","drop:table:account_event_permissions; drop:table:account_permissions; drop:table:accounts; drop:table:active_sessions; drop:table:login_logs; drop:table:permissions; drop:table:roles; drop:table:tenants; drop:trigger:update_accounts_modtime; drop:trigger:update_roles_modtime; drop:trigger:update_tenants_modtime; function:update_modified_column; index:idx_accounts_tenant_id; index:idx_accounts_user_id; index:idx_acct_event_perms_account; index:idx_acct_perms_account; index:idx_active_sessions_account; index:idx_login_logs_account; index:idx_login_logs_created_at; index:idx_tenants_slug; table:account_event_permissions; table:account_permissions; table:accounts; table:active_sessions; table:login_logs; table:permissions; table:roles; table:tenants; trigger:update_accounts_modtime; trigger:update_roles_modtime; trigger:update_tenants_modtime",""
"ENTERPRISE_RLS_FINAL.sql","22","5","0.23","alter_table,drop,function,policy","alter_table:account_event_permissions; alter_table:account_permissions; alter_table:accounts; alter_table:active_sessions; alter_table:groups; alter_table:login_logs; alter_table:matches; alter_table:teams; alter_table:tournament; drop:policy:if; function:get_auth_account_id; function:get_auth_account_role; function:get_auth_account_tenant_id; policy:accounts_isolation on accounts; policy:acctevtperms_isolation on account_event_permissions; policy:acctperms_isolation on account_permissions; policy:activesessions_isolation on active_sessions; policy:groups_isolation on groups; policy:loginlogs_isolation on login_logs; policy:matches_isolation on matches; policy:teams_isolation on teams; policy:tournament_isolation on tournament","alter_table:account_event_permissions; alter_table:accounts; alter_table:active_sessions; alter_table:matches; alter_table:tournament"
"enterprise_v4.sql","41","7","0.17","alter_table,drop,function,index,policy,trigger","alter_table:events; alter_table:groups; alter_table:matches; alter_table:teams; drop:policy:if; drop:trigger:trg_audit_matches_v4; drop:trigger:trg_auto_assign_event_after_insert; function:audit_matches_changes_v4; function:current_account_id; function:current_role_name; function:current_tenant_id; function:has_event_access; function:has_permission; function:trigger_auto_assign_event; index:idx_account_event_perms_account_id; index:idx_account_event_perms_event_id; index:idx_events_tenant_id; index:idx_groups_event_id; index:idx_groups_tenant_id; index:idx_matches_event_id; index:idx_matches_tenant_id; index:idx_teams_event_id; index:idx_teams_tenant_id; policy:events_delete on events; policy:events_insert on events; policy:events_select on events; policy:events_update on events; policy:groups_delete on groups; policy:groups_insert on groups; policy:groups_select on groups; policy:groups_update on groups; policy:matches_delete on matches; policy:matches_insert on matches; policy:matches_select on matches; policy:matches_update on matches; policy:teams_delete on teams; policy:teams_insert on teams; policy:teams_select on teams; policy:teams_update on teams; trigger:trg_audit_matches_v4; trigger:trg_auto_assign_event_after_insert","alter_table:events; alter_table:matches; function:current_account_id; function:current_role_name; function:current_tenant_id; function:has_event_access; function:has_permission"
"enterprise_v5_tournament_manager.sql","2","0","0","function,index","function:create_event_admin_tournament; index:idx_tournament_slug_unique",""
"final_architecture_updates.sql","13","0","0","drop,function,policy,trigger","drop:policy:if; drop:trigger:trg_audit_matches; function:audit_matches_changes; function:get_bootstrap_context; policy:events_delete on events; policy:events_insert on events; policy:events_select on events; policy:events_update on events; policy:matches_delete on matches; policy:matches_insert on matches; policy:matches_select on matches; policy:matches_update on matches; trigger:trg_audit_matches",""
"migration.sql","32","8","0.25","alter_table,drop,function,policy","alter_table:account_event_permissions; alter_table:account_permissions; alter_table:accounts; alter_table:active_sessions; alter_table:audit_logs; alter_table:events; alter_table:groups; alter_table:login_logs; alter_table:matches; alter_table:permissions; alter_table:roles; alter_table:teams; alter_table:tenants; drop:policy:if; function:current_role_name; function:current_tenant_id; policy:account_event_permissions_rls on account_event_permissions; policy:account_permissions_rls on account_permissions; policy:accounts_delete on accounts; policy:accounts_insert on accounts; policy:accounts_select on accounts; policy:accounts_update on accounts; policy:active_sessions_rls on active_sessions; policy:audit_logs_rls on audit_logs; policy:events_rls on events; policy:groups_rls on groups; policy:login_logs_rls on login_logs; policy:matches_rls on matches; policy:permissions_read on permissions; policy:roles_read on roles; policy:teams_rls on teams; policy:tenants_read on tenants","alter_table:account_event_permissions; alter_table:accounts; alter_table:active_sessions; alter_table:events; alter_table:matches; alter_table:tenants; function:current_role_name; function:current_tenant_id"
"migration_event_management.sql","4","1","0.25","alter_table,index","alter_table:events; index:idx_events_slug; index:idx_events_status; index:idx_events_tenant_status","alter_table:events"
"migration_get_profile.sql","1","1","1","function","function:get_current_profile","function:get_current_profile"
"migration_phase4.sql","27","0","0","alter_table,drop,function,index,policy,table,trigger","alter_table:invoices; alter_table:payments; alter_table:subscription_plans; alter_table:tenant_subscriptions; drop:policy:invoices_select; drop:policy:payments_select; drop:policy:plans_select; drop:policy:subscriptions_select; drop:trigger:trg_subscription_updated_at; function:touch_updated_at; index:idx_invoice_date; index:idx_invoice_status; index:idx_invoice_tenant; index:idx_payment_status; index:idx_subscription_tenant; index:idx_subscriptions_end_date; index:idx_subscriptions_status; index:uq_invoice_period; policy:invoices_select on invoices; policy:payments_select on payments; policy:plans_select on subscription_plans; policy:subscriptions_select on tenant_subscriptions; table:invoices; table:payments; table:subscription_plans; table:tenant_subscriptions; trigger:trg_subscription_updated_at",""
"migration_phase5.sql","37","0","0","alter_table,drop,function,policy,table,trigger,view","alter_table:plan_features; drop:policy:invoices_all; drop:policy:invoices_select; drop:policy:payments_all; drop:policy:payments_select; drop:policy:plan_features_all; drop:policy:plan_features_select; drop:policy:plans_all; drop:policy:subscriptions_all; drop:policy:subscriptions_select; drop:trigger:chk_event_quota; drop:trigger:chk_team_quota; drop:trigger:chk_user_quota; function:can_create_event; function:can_create_team; function:can_create_user; function:expire_trial_subscriptions; function:generate_monthly_invoices; function:has_feature; function:trg_check_event_quota; function:trg_check_team_quota; function:trg_check_user_quota; policy:invoices_all on invoices; policy:invoices_select on invoices; policy:payments_all on payments; policy:payments_select on payments; policy:plan_features_all on plan_features; policy:plan_features_select on plan_features; policy:plans_all on subscription_plans; policy:subscriptions_all on tenant_subscriptions; policy:subscriptions_select on tenant_subscriptions; table:plan_features; trigger:chk_event_quota; trigger:chk_team_quota; trigger:chk_user_quota; view:saas_metrics; view:tenant_usage",""
"migration_rbac.sql","3","1","0.33","function,table","function:get_current_profile; table:account_event_permissions; table:role_permissions","function:get_current_profile"
"migration_rls_enterprise.sql","10","4","0.4","drop,function,policy","drop:function:auth; drop:policy:if; function:current_account_id; function:current_role_name; function:current_tenant_id; function:has_event_access; policy:events_rls on events; policy:groups_rls on groups; policy:matches_rls on matches; policy:teams_rls on teams","function:current_account_id; function:current_role_name; function:current_tenant_id; function:has_event_access"
"migration_rls_perms.sql","6","1","0.17","drop,function,policy","drop:policy:if; function:has_permission; policy:events_rls on events; policy:groups_rls on groups; policy:matches_rls on matches; policy:teams_rls on teams","function:has_permission"
"migration_safe_v4.sql","36","2","0.06","alter_table,drop,function,index,policy,trigger","alter_table:events; alter_table:groups; alter_table:matches; alter_table:teams; drop:policy:if; drop:trigger:trg_audit_matches_safe_v4; drop:trigger:trg_auto_assign_event_after_insert; function:audit_matches_changes_safe_v4; function:trigger_auto_assign_event; index:idx_account_event_perms_account_id; index:idx_account_event_perms_event_id; index:idx_events_tenant_id; index:idx_groups_event_id; index:idx_groups_tenant_id; index:idx_matches_event_id; index:idx_matches_tenant_id; index:idx_teams_event_id; index:idx_teams_tenant_id; policy:events_delete on events; policy:events_insert on events; policy:events_select on events; policy:events_update on events; policy:groups_delete on groups; policy:groups_insert on groups; policy:groups_select on groups; policy:groups_update on groups; policy:matches_delete on matches; policy:matches_insert on matches; policy:matches_select on matches; policy:matches_update on matches; policy:teams_delete on teams; policy:teams_insert on teams; policy:teams_select on teams; policy:teams_update on teams; trigger:trg_audit_matches_safe_v4; trigger:trg_auto_assign_event_after_insert","alter_table:events; alter_table:matches"
"migration_v5_2.sql","18","2","0.11","alter_table,drop,function,index,policy,trigger","alter_table:tournament_admins; drop:policy:if; drop:trigger:trg_audit_tournament; function:archive_tournament_workspace; function:audit_tournament_changes; function:create_tournament_workspace; function:get_tournament_workspace_dashboard; function:transfer_tournament_admin; index:idx_events_tournament_id; index:idx_matches_tournament_id; index:idx_teams_tournament_id; index:idx_tournament_admins_account_id; index:idx_tournament_admins_tournament_id; index:idx_tournament_slug; index:idx_tournament_tenant_id; policy:owner access to own tournament_admins on tournament_admins; policy:super_admin full access to tournament_admins on tournament_admins; trigger:trg_audit_tournament","index:idx_events_tournament_id; index:idx_tournament_tenant_id"
"migration_v5_3.sql","5","0","0","function,index","function:archive_tournament_workspace_v3; function:create_tournament_workspace_v3; function:get_tournament_workspace_dashboard_v3; function:transfer_tournament_owner_v3; index:idx_tournament_slug_unique_v3",""
"migration_v5_4.sql","9","0","0","function,index","function:archive_tournament_workspace_v4; function:create_tournament_workspace_v4; function:get_tournament_workspace_dashboard_v4; function:transfer_tournament_owner_v4; index:for; index:idx_events_tournament_id_deleted; index:idx_matches_tournament_id_deleted; index:idx_teams_tournament_id_deleted; index:idx_tournament_tenant_deleted_created",""
"migration_v5_5.sql","7","2","0.29","alter_table,function,index","alter_table:account_event_permissions; alter_table:tournament; function:archive_tournament_workspace_v5; function:create_tournament_workspace_v5; function:get_tournament_workspace_dashboard_v5; function:transfer_tournament_owner_v5; index:idx_tournament_dashboard_v5","alter_table:account_event_permissions; alter_table:tournament"
"migration_v5_6.sql","6","1","0.17","alter_table,function","alter_table:tournament; function:archive_tournament_workspace_v6; function:create_tournament_workspace_v6; function:get_tournament_owner; function:get_tournament_workspace_dashboard_v6; function:transfer_tournament_owner_v6","alter_table:tournament"
"PHASE_1_SAFE_FIXES.sql","13","5","0.38","alter_table,function,index","alter_table:account_event_permissions; alter_table:account_permissions; alter_table:accounts; alter_table:active_sessions; alter_table:login_logs; alter_table:permissions; alter_table:roles; alter_table:tenants; function:current_role; function:current_tenant_id; index:idx_accounts_username; index:idx_acct_evt_event_id; index:idx_active_sessions_token","alter_table:account_event_permissions; alter_table:accounts; alter_table:active_sessions; alter_table:tenants; function:current_tenant_id"
"PHASE_2_TENANT_ISOLATION.sql","6","0","0","drop,policy","drop:policy:if; policy:tenant_isolation_events on events; policy:tenant_isolation_groups on groups; policy:tenant_isolation_matches on matches; policy:tenant_isolation_teams on teams; policy:tenant_isolation_tournament on tournament",""
"PHASE_3_PERMISSION_HARDENING.sql","10","0","0","drop,policy","drop:policy:if; policy:accounteventperms_modify on account_event_permissions; policy:accounteventperms_select on account_event_permissions; policy:accounts_insert on accounts; policy:accounts_select on accounts; policy:accounts_update on accounts; policy:permissions_read_only on permissions; policy:roles_read_only on roles; policy:sessions_select_self on active_sessions; policy:tenants_read_only on tenants",""
"PHASE_4_PRODUCTION_LOCKDOWN.sql","18","7","0.39","alter_table,drop,function,policy,trigger","alter_table:account_event_permissions; alter_table:account_permissions; alter_table:accounts; alter_table:active_sessions; alter_table:audit_logs; alter_table:events; alter_table:groups; alter_table:login_logs; alter_table:matches; alter_table:permissions; alter_table:roles; alter_table:teams; alter_table:tenants; alter_table:tournament; drop:trigger:audit_accounts; function:system_audit_trigger; policy:auditlogs_select on audit_logs; trigger:audit_accounts","alter_table:account_event_permissions; alter_table:accounts; alter_table:active_sessions; alter_table:events; alter_table:matches; alter_table:tenants; alter_table:tournament"
"RLS_DEPLOYMENT_SQL.sql","35","3","0.09","alter_table,drop,policy,table","alter_table:audit_logs; alter_table:events; alter_table:groups; alter_table:matches; alter_table:teams; alter_table:tournament; drop:policy:if; policy:admin1_full_audit on audit_logs; policy:admin1_full_events on events; policy:admin1_full_groups on groups; policy:admin1_full_matches on matches; policy:admin1_full_teams on teams; policy:admin1_full_tournament on tournament; policy:admin2_tenant_audit on audit_logs; policy:admin2_tenant_events on events; policy:admin2_tenant_groups on groups; policy:admin2_tenant_matches on matches; policy:admin2_tenant_teams on teams; policy:admin2_tenant_tournament on tournament; policy:admin3_restricted_matches on matches; policy:admins_insert_audit on audit_logs; policy:public_select_events on events; policy:public_select_groups on groups; policy:public_select_matches on matches; policy:public_select_teams on teams; policy:public_select_tournament on tournament; policy:users_manage_own_sessions on active_sessions; policy:users_read_own_account on accounts; policy:users_read_own_login_logs on login_logs; table:backup_audit_logs; table:backup_events; table:backup_groups; table:backup_matches; table:backup_teams; table:backup_tournament","alter_table:events; alter_table:matches; alter_table:tournament"
"rpc_create_event_admin.sql","1","0","0","function","function:create_event_admin",""
"rpc_record_login.sql","1","0","0","function","function:record_login_session",""
"supabase_fk_cascade.sql","2","1","0.5","alter_table","alter_table:matches; alter_table:teams","alter_table:matches"
"supabase_knockout_schema.sql","1","1","1","alter_table","alter_table:matches","alter_table:matches"
"supabase_rpc.sql","1","0","0","function","function:generate_round_robin_schedule",""
"SUPABASE_SCHEMA_REFERENCE.sql","19","0","0","table","table:account_event_permissions; table:account_permissions; table:accounts; table:active_sessions; table:audit_logs; table:events; table:groups; table:invoices; table:login_logs; table:matches; table:payments; table:permissions; table:plan_features; table:roles; table:subscription_plans; table:teams; table:tenant_subscriptions; table:tenants; table:tournament",""
"supabase_setup.sql","44","5","0.11","alter_table,drop,index,policy,table","alter_table:accounts; alter_table:audit_logs; alter_table:events; alter_table:groups; alter_table:matches; alter_table:teams; alter_table:tournament; drop:table:accounts; drop:table:audit_logs; drop:table:events; drop:table:groups; drop:table:matches; drop:table:teams; drop:table:tournament; index:idx_audit_logs_tenant_id; index:idx_events_tenant_id; index:idx_groups_event_id; index:idx_groups_tenant_id; index:idx_matches_event_id; index:idx_matches_tenant_id; index:idx_teams_event_id; index:idx_teams_tenant_id; index:idx_tournament_tenant_id; policy:cho phép ghi tự do cho accounts on accounts; policy:cho phép ghi tự do cho anon và authenticated on audit_logs; policy:cho phép ghi tự do cho anon và authenticated on events; policy:cho phép ghi tự do cho anon và authenticated on groups; policy:cho phép ghi tự do cho anon và authenticated on matches; policy:cho phép ghi tự do cho anon và authenticated on teams; policy:cho phép ghi tự do cho anon và authenticated on tournament; policy:cho phép mọi người xem danh sách bảng đấu on groups; policy:cho phép mọi người xem danh sách đội bóng on teams; policy:cho phép mọi người xem danh sách tài khoản on accounts; policy:cho phép mọi người xem lịch và kết quả trận on matches; policy:cho phép mọi người xem nhật ký hoạt động on audit_logs; policy:cho phép mọi người xem nội dung thi đấu on events; policy:cho phép mọi người xem thông tin giải đấu on tournament; table:accounts; table:audit_logs; table:events; table:groups; table:matches; table:teams; table:tournament","alter_table:accounts; alter_table:events; alter_table:matches; alter_table:tournament; index:idx_tournament_tenant_id"
"supabase_trigger_knockout.sql","3","0","0","drop,function,trigger","drop:trigger:trg_auto_advance_winner_trigger; function:trg_auto_advance_winner; trigger:trg_auto_advance_winner_trigger",""
"supabase_view_standings.sql","1","0","0","view","view:view_team_standings",""
