file,object_count,live_matches,live_match_ratio,object_types,objects,matched_objects
ENTERPRISE_ACCOUNT_SQL.sql,28,20,0.71,function;table;trigger;index;drop,function:update_modified_column; table:tenants; table:roles; table:permissions; table:accounts; table:account_permissions; table:account_event_permissions; table:active_sessions; table:login_logs; trigger:update_tenants_modtime; trigger:update_roles_modtime; trigger:update_accounts_modtime; index:idx_tenants_slug; index:idx_accounts_tenant_id; index:idx_accounts_user_id; index:idx_acct_perms_account; index:idx_acct_event_perms_account; index:idx_active_sessions_account; index:idx_login_logs_account; index:idx_login_logs_created_at; drop:table:login_logs; drop:table:active_sessions; drop:table:account_event_permissions; drop:table:account_permissions; drop:table:accounts; drop:table:permissions; drop:table:roles; drop:table:tenants,function:update_modified_column; table:tenants; table:roles; table:permissions; table:accounts; table:account_permissions; table:account_event_permissions; table:active_sessions; table:login_logs; trigger:update_tenants_modtime; trigger:update_roles_modtime; trigger:update_accounts_modtime; index:idx_tenants_slug; index:idx_accounts_tenant_id; index:idx_accounts_user_id; index:idx_acct_perms_account; index:idx_acct_event_perms_account; index:idx_active_sessions_account; index:idx_login_logs_account; index:idx_login_logs_created_at
ENTERPRISE_ACCOUNT_SQL_v2.sql,31,20,0.65,function;table;trigger;index;drop,function:update_modified_column; table:tenants; table:roles; table:permissions; table:accounts; table:account_permissions; table:account_event_permissions; table:active_sessions; table:login_logs; trigger:update_tenants_modtime; trigger:update_roles_modtime; trigger:update_accounts_modtime; index:idx_tenants_slug; index:idx_accounts_tenant_id; index:idx_accounts_user_id; index:idx_acct_perms_account; index:idx_acct_event_perms_account; index:idx_active_sessions_account; index:idx_login_logs_account; index:idx_login_logs_created_at; drop:trigger:update_tenants_modtime; drop:trigger:update_roles_modtime; drop:trigger:update_accounts_modtime; drop:table:login_logs; drop:table:active_sessions; drop:table:account_event_permissions; drop:table:account_permissions; drop:table:accounts; drop:table:permissions; drop:table:roles; drop:table:tenants,function:update_modified_column; table:tenants; table:roles; table:permissions; table:accounts; table:account_permissions; table:account_event_permissions; table:active_sessions; table:login_logs; trigger:update_tenants_modtime; trigger:update_roles_modtime; trigger:update_accounts_modtime; index:idx_tenants_slug; index:idx_accounts_tenant_id; index:idx_accounts_user_id; index:idx_acct_perms_account; index:idx_acct_event_perms_account; index:idx_active_sessions_account; index:idx_login_logs_account; index:idx_login_logs_created_at
ENTERPRISE_RLS_FINAL.sql,22,10,0.45,function;policy;alter_table;drop,function:get_auth_account_id; function:get_auth_account_tenant_id; function:get_auth_account_role; policy:accounts_isolation on accounts; policy:activesessions_isolation on active_sessions; policy:loginlogs_isolation on login_logs; policy:groups_isolation on groups; policy:teams_isolation on teams; policy:matches_isolation on matches; policy:acctperms_isolation on account_permissions; policy:acctevtperms_isolation on account_event_permissions; policy:tournament_isolation on tournament; alter_table:accounts; alter_table:active_sessions; alter_table:login_logs; alter_table:groups; alter_table:teams; alter_table:matches; alter_table:account_permissions; alter_table:account_event_permissions; alter_table:tournament; drop:policy:if,policy:loginlogs_isolation on login_logs; alter_table:accounts; alter_table:active_sessions; alter_table:login_logs; alter_table:groups; alter_table:teams; alter_table:matches; alter_table:account_permissions; alter_table:account_event_permissions; alter_table:tournament
PHASE_1_SAFE_FIXES.sql,13,10,0.77,function;index;alter_table,function:current_tenant_id; function:current_role; index:idx_active_sessions_token; index:idx_accounts_username; index:idx_acct_evt_event_id; alter_table:tenants; alter_table:roles; alter_table:permissions; alter_table:accounts; alter_table:account_permissions; alter_table:account_event_permissions; alter_table:active_sessions; alter_table:login_logs,function:current_tenant_id; function:current_role; alter_table:tenants; alter_table:roles; alter_table:permissions; alter_table:accounts; alter_table:account_permissions; alter_table:account_event_permissions; alter_table:active_sessions; alter_table:login_logs
PHASE_2_TENANT_ISOLATION.sql,6,0,0.00,policy;drop,policy:tenant_isolation_events on events; policy:tenant_isolation_teams on teams; policy:tenant_isolation_groups on groups; policy:tenant_isolation_matches on matches; policy:tenant_isolation_tournament on tournament; drop:policy:if,
PHASE_3_PERMISSION_HARDENING.sql,10,3,0.30,policy;drop,policy:roles_read_only on roles; policy:permissions_read_only on permissions; policy:tenants_read_only on tenants; policy:accounts_select on accounts; policy:accounts_insert on accounts; policy:accounts_update on accounts; policy:sessions_select_self on active_sessions; policy:accounteventperms_select on account_event_permissions; policy:accounteventperms_modify on account_event_permissions; drop:policy:if,policy:accounts_select on accounts; policy:accounts_insert on accounts; policy:accounts_update on accounts
PHASE_4_PRODUCTION_LOCKDOWN.sql,18,14,0.78,function;policy;trigger;alter_table;drop,function:system_audit_trigger; policy:auditlogs_select on audit_logs; trigger:audit_accounts; alter_table:tournament; alter_table:events; alter_table:teams; alter_table:groups; alter_table:matches; alter_table:audit_logs; alter_table:accounts; alter_table:roles; alter_table:permissions; alter_table:account_permissions; alter_table:account_event_permissions; alter_table:active_sessions; alter_table:login_logs; alter_table:tenants; drop:trigger:audit_accounts,alter_table:tournament; alter_table:events; alter_table:teams; alter_table:groups; alter_table:matches; alter_table:audit_logs; alter_table:accounts; alter_table:roles; alter_table:permissions; alter_table:account_permissions; alter_table:account_event_permissions; alter_table:active_sessions; alter_table:login_logs; alter_table:tenants
RLS_DEPLOYMENT_SQL.sql,35,6,0.17,table;policy;alter_table;drop,table:backup_tournament; table:backup_events; table:backup_groups; table:backup_teams; table:backup_matches; table:backup_audit_logs; policy:public_select_tournament on tournament; policy:admin1_full_tournament on tournament; policy:admin2_tenant_tournament on tournament; policy:public_select_events on events; policy:public_select_groups on groups; policy:public_select_teams on teams; policy:admin1_full_events on events; policy:admin1_full_groups on groups; policy:admin1_full_teams on teams; policy:admin2_tenant_events on events; policy:admin2_tenant_groups on groups; policy:admin2_tenant_teams on teams; policy:public_select_matches on matches; policy:admin1_full_matches on matches; policy:admin2_tenant_matches on matches; policy:admin3_restricted_matches on matches; policy:admin1_full_audit on audit_logs; policy:admin2_tenant_audit on audit_logs; policy:admins_insert_audit on audit_logs; policy:users_read_own_account on accounts; policy:users_manage_own_sessions on active_sessions; policy:users_read_own_login_logs on login_logs; alter_table:tournament; alter_table:events; alter_table:groups; alter_table:teams; alter_table:matches; alter_table:audit_logs; drop:policy:if,alter_table:tournament; alter_table:events; alter_table:groups; alter_table:teams; alter_table:matches; alter_table:audit_logs
SUPABASE_SCHEMA_REFERENCE.sql,19,19,1.00,table,table:tournament; table:events; table:teams; table:groups; table:matches; table:audit_logs; table:tenants; table:roles; table:permissions; table:accounts; table:account_permissions; table:account_event_permissions; table:active_sessions; table:login_logs; table:subscription_plans; table:tenant_subscriptions; table:invoices; table:payments; table:plan_features,table:tournament; table:events; table:teams; table:groups; table:matches; table:audit_logs; table:tenants; table:roles; table:permissions; table:accounts; table:account_permissions; table:account_event_permissions; table:active_sessions; table:login_logs; table:subscription_plans; table:tenant_subscriptions; table:invoices; table:payments; table:plan_features
enterprise_v4.sql,41,36,0.88,function;policy;trigger;index;alter_table;drop,function:current_account_id; function:current_tenant_id; function:current_role_name; function:has_permission; function:has_event_access; function:trigger_auto_assign_event; function:audit_matches_changes_v4; policy:events_select on events; policy:events_insert on events; policy:events_update on events; policy:events_delete on events; policy:teams_select on teams; policy:teams_insert on teams; policy:teams_update on teams; policy:teams_delete on teams; policy:groups_select on groups; policy:groups_insert on groups; policy:groups_update on groups; policy:groups_delete on groups; policy:matches_select on matches; policy:matches_insert on matches; policy:matches_update on matches; policy:matches_delete on matches; trigger:trg_auto_assign_event_after_insert; trigger:trg_audit_matches_v4; index:idx_events_tenant_id; index:idx_teams_event_id; index:idx_teams_tenant_id; index:idx_groups_event_id; index:idx_groups_tenant_id; index:idx_matches_event_id; index:idx_matches_tenant_id; index:idx_account_event_perms_account_id; index:idx_account_event_perms_event_id; alter_table:events; alter_table:teams; alter_table:groups; alter_table:matches; drop:trigger:trg_auto_assign_event_after_insert; drop:trigger:trg_audit_matches_v4; drop:policy:if,function:current_account_id; function:current_tenant_id; function:current_role_name; function:has_permission; function:has_event_access; function:trigger_auto_assign_event; policy:events_select on events; policy:events_insert on events; policy:events_update on events; policy:events_delete on events; policy:teams_select on teams; policy:teams_insert on teams; policy:teams_update on teams; policy:teams_delete on teams; policy:groups_select on groups; policy:groups_insert on groups; policy:groups_update on groups; policy:groups_delete on groups; policy:matches_select on matches; policy:matches_insert on matches; policy:matches_update on matches; policy:matches_delete on matches; trigger:trg_auto_assign_event_after_insert; index:idx_events_tenant_id; index:idx_teams_event_id; index:idx_teams_tenant_id; index:idx_groups_event_id; index:idx_groups_tenant_id; index:idx_matches_event_id; index:idx_matches_tenant_id; index:idx_account_event_perms_account_id; index:idx_account_event_perms_event_id; alter_table:events; alter_table:teams; alter_table:groups; alter_table:matches
enterprise_v5_tournament_manager.sql,2,1,0.50,function;index,function:create_event_admin_tournament; index:idx_tournament_slug_unique,index:idx_tournament_slug_unique
final_architecture_updates.sql,13,8,0.62,function;policy;trigger;drop,function:get_bootstrap_context; function:audit_matches_changes; policy:matches_select on matches; policy:matches_insert on matches; policy:matches_update on matches; policy:matches_delete on matches; policy:events_select on events; policy:events_insert on events; policy:events_update on events; policy:events_delete on events; trigger:trg_audit_matches; drop:trigger:trg_audit_matches; drop:policy:if,policy:matches_select on matches; policy:matches_insert on matches; policy:matches_update on matches; policy:matches_delete on matches; policy:events_select on events; policy:events_insert on events; policy:events_update on events; policy:events_delete on events
migration.sql,32,26,0.81,function;policy;alter_table;drop,function:current_tenant_id; function:current_role_name; policy:events_rls on events; policy:groups_rls on groups; policy:teams_rls on teams; policy:matches_rls on matches; policy:audit_logs_rls on audit_logs; policy:accounts_select on accounts; policy:accounts_insert on accounts; policy:accounts_update on accounts; policy:accounts_delete on accounts; policy:account_permissions_rls on account_permissions; policy:account_event_permissions_rls on account_event_permissions; policy:active_sessions_rls on active_sessions; policy:login_logs_rls on login_logs; policy:roles_read on roles; policy:permissions_read on permissions; policy:tenants_read on tenants; alter_table:accounts; alter_table:account_permissions; alter_table:account_event_permissions; alter_table:active_sessions; alter_table:audit_logs; alter_table:events; alter_table:groups; alter_table:matches; alter_table:teams; alter_table:login_logs; alter_table:roles; alter_table:permissions; alter_table:tenants; drop:policy:if,function:current_tenant_id; function:current_role_name; policy:audit_logs_rls on audit_logs; policy:accounts_select on accounts; policy:accounts_insert on accounts; policy:accounts_update on accounts; policy:accounts_delete on accounts; policy:account_permissions_rls on account_permissions; policy:account_event_permissions_rls on account_event_permissions; policy:active_sessions_rls on active_sessions; policy:roles_read on roles; policy:permissions_read on permissions; policy:tenants_read on tenants; alter_table:accounts; alter_table:account_permissions; alter_table:account_event_permissions; alter_table:active_sessions; alter_table:audit_logs; alter_table:events; alter_table:groups; alter_table:matches; alter_table:teams; alter_table:login_logs; alter_table:roles; alter_table:permissions; alter_table:tenants
migration_event_management.sql,4,4,1.00,index;alter_table,index:idx_events_slug; index:idx_events_status; index:idx_events_tenant_status; alter_table:events,index:idx_events_slug; index:idx_events_status; index:idx_events_tenant_status; alter_table:events
migration_phase4.sql,27,22,0.81,function;table;policy;trigger;index;alter_table;drop,function:touch_updated_at; table:subscription_plans; table:tenant_subscriptions; table:invoices; table:payments; policy:plans_select on subscription_plans; policy:subscriptions_select on tenant_subscriptions; policy:invoices_select on invoices; policy:payments_select on payments; trigger:trg_subscription_updated_at; index:idx_subscription_tenant; index:idx_subscriptions_status; index:idx_subscriptions_end_date; index:idx_invoice_tenant; index:idx_invoice_status; index:idx_invoice_date; index:idx_payment_status; index:uq_invoice_period; alter_table:tenant_subscriptions; alter_table:invoices; alter_table:payments; alter_table:subscription_plans; drop:trigger:trg_subscription_updated_at; drop:policy:plans_select; drop:policy:subscriptions_select; drop:policy:invoices_select; drop:policy:payments_select,function:touch_updated_at; table:subscription_plans; table:tenant_subscriptions; table:invoices; table:payments; policy:plans_select on subscription_plans; policy:subscriptions_select on tenant_subscriptions; policy:invoices_select on invoices; policy:payments_select on payments; trigger:trg_subscription_updated_at; index:idx_subscription_tenant; index:idx_subscriptions_status; index:idx_subscriptions_end_date; index:idx_invoice_tenant; index:idx_invoice_status; index:idx_invoice_date; index:idx_payment_status; index:uq_invoice_period; alter_table:tenant_subscriptions; alter_table:invoices; alter_table:payments; alter_table:subscription_plans
migration_phase5.sql,37,23,0.62,function;table;view;policy;trigger;alter_table;drop,function:can_create_user; function:can_create_event; function:can_create_team; function:has_feature; function:trg_check_user_quota; function:trg_check_event_quota; function:trg_check_team_quota; function:expire_trial_subscriptions; function:generate_monthly_invoices; table:plan_features; view:tenant_usage; view:saas_metrics; policy:plan_features_select on plan_features; policy:plan_features_all on plan_features; policy:plans_all on subscription_plans; policy:subscriptions_select on tenant_subscriptions; policy:subscriptions_all on tenant_subscriptions; policy:invoices_select on invoices; policy:invoices_all on invoices; policy:payments_select on payments; policy:payments_all on payments; trigger:chk_user_quota; trigger:chk_event_quota; trigger:chk_team_quota; alter_table:plan_features; drop:trigger:chk_user_quota; drop:trigger:chk_event_quota; drop:trigger:chk_team_quota; drop:policy:plan_features_select; drop:policy:plan_features_all; drop:policy:plans_all; drop:policy:subscriptions_select; drop:policy:subscriptions_all; drop:policy:invoices_select; drop:policy:invoices_all; drop:policy:payments_select; drop:policy:payments_all,function:can_create_user; function:can_create_event; function:can_create_team; function:has_feature; function:trg_check_event_quota; function:trg_check_team_quota; function:expire_trial_subscriptions; function:generate_monthly_invoices; table:plan_features; view:tenant_usage; view:saas_metrics; policy:plan_features_select on plan_features; policy:plan_features_all on plan_features; policy:plans_all on subscription_plans; policy:subscriptions_select on tenant_subscriptions; policy:subscriptions_all on tenant_subscriptions; policy:invoices_select on invoices; policy:invoices_all on invoices; policy:payments_select on payments; policy:payments_all on payments; trigger:chk_event_quota; trigger:chk_team_quota; alter_table:plan_features
migration_rbac.sql,3,3,1.00,function;table,function:get_current_profile; table:role_permissions; table:account_event_permissions,function:get_current_profile; table:role_permissions; table:account_event_permissions
migration_rls_enterprise.sql,10,4,0.40,function;policy;drop,function:current_account_id; function:current_tenant_id; function:current_role_name; function:has_event_access; policy:events_rls on events; policy:teams_rls on teams; policy:groups_rls on groups; policy:matches_rls on matches; drop:function:auth; drop:policy:if,function:current_account_id; function:current_tenant_id; function:current_role_name; function:has_event_access
migration_rls_perms.sql,6,1,0.17,function;policy;drop,function:has_permission; policy:events_rls on events; policy:teams_rls on teams; policy:groups_rls on groups; policy:matches_rls on matches; drop:policy:if,function:has_permission
migration_safe_v4.sql,36,33,0.92,function;policy;trigger;index;alter_table;drop,function:trigger_auto_assign_event; function:audit_matches_changes_safe_v4; policy:events_select on events; policy:events_insert on events; policy:events_update on events; policy:events_delete on events; policy:teams_select on teams; policy:teams_insert on teams; policy:teams_update on teams; policy:teams_delete on teams; policy:groups_select on groups; policy:groups_insert on groups; policy:groups_update on groups; policy:groups_delete on groups; policy:matches_select on matches; policy:matches_insert on matches; policy:matches_update on matches; policy:matches_delete on matches; trigger:trg_auto_assign_event_after_insert; trigger:trg_audit_matches_safe_v4; index:idx_events_tenant_id; index:idx_teams_event_id; index:idx_teams_tenant_id; index:idx_groups_event_id; index:idx_groups_tenant_id; index:idx_matches_event_id; index:idx_matches_tenant_id; index:idx_account_event_perms_account_id; index:idx_account_event_perms_event_id; alter_table:events; alter_table:teams; alter_table:groups; alter_table:matches; drop:trigger:trg_auto_assign_event_after_insert; drop:trigger:trg_audit_matches_safe_v4; drop:policy:if,function:trigger_auto_assign_event; function:audit_matches_changes_safe_v4; policy:events_select on events; policy:events_insert on events; policy:events_update on events; policy:events_delete on events; policy:teams_select on teams; policy:teams_insert on teams; policy:teams_update on teams; policy:teams_delete on teams; policy:groups_select on groups; policy:groups_insert on groups; policy:groups_update on groups; policy:groups_delete on groups; policy:matches_select on matches; policy:matches_insert on matches; policy:matches_update on matches; policy:matches_delete on matches; trigger:trg_auto_assign_event_after_insert; trigger:trg_audit_matches_safe_v4; index:idx_events_tenant_id; index:idx_teams_event_id; index:idx_teams_tenant_id; index:idx_groups_event_id; index:idx_groups_tenant_id; index:idx_matches_event_id; index:idx_matches_tenant_id; index:idx_account_event_perms_account_id; index:idx_account_event_perms_event_id; alter_table:events; alter_table:teams; alter_table:groups; alter_table:matches
migration_v5_2.sql,18,4,0.22,function;policy;trigger;index;alter_table;drop,function:audit_tournament_changes; function:create_tournament_workspace; function:archive_tournament_workspace; function:transfer_tournament_admin; function:get_tournament_workspace_dashboard; policy:super_admin full access to tournament_admins on tournament_admins; policy:owner access to own tournament_admins on tournament_admins; trigger:trg_audit_tournament; index:idx_tournament_slug; index:idx_tournament_tenant_id; index:idx_tournament_admins_account_id; index:idx_tournament_admins_tournament_id; index:idx_events_tournament_id; index:idx_teams_tournament_id; index:idx_matches_tournament_id; alter_table:tournament_admins; drop:policy:if; drop:trigger:trg_audit_tournament,index:idx_tournament_slug; index:idx_tournament_tenant_id; index:idx_events_tournament_id; alter_table:tournament_admins
migration_v5_3.sql,5,0,0.00,function;index,function:create_tournament_workspace_v3; function:archive_tournament_workspace_v3; function:transfer_tournament_owner_v3; function:get_tournament_workspace_dashboard_v3; index:idx_tournament_slug_unique_v3,
migration_v5_4.sql,9,0,0.00,function;index,function:create_tournament_workspace_v4; function:get_tournament_workspace_dashboard_v4; function:transfer_tournament_owner_v4; function:archive_tournament_workspace_v4; index:for; index:idx_tournament_tenant_deleted_created; index:idx_events_tournament_id_deleted; index:idx_teams_tournament_id_deleted; index:idx_matches_tournament_id_deleted,
migration_v5_5.sql,7,2,0.29,function;index;alter_table,function:create_tournament_workspace_v5; function:get_tournament_workspace_dashboard_v5; function:transfer_tournament_owner_v5; function:archive_tournament_workspace_v5; index:idx_tournament_dashboard_v5; alter_table:tournament; alter_table:account_event_permissions,alter_table:tournament; alter_table:account_event_permissions
migration_v5_6.sql,6,6,1.00,function;alter_table,function:get_tournament_owner; function:transfer_tournament_owner_v6; function:get_tournament_workspace_dashboard_v6; function:create_tournament_workspace_v6; function:archive_tournament_workspace_v6; alter_table:tournament,function:get_tournament_owner; function:transfer_tournament_owner_v6; function:get_tournament_workspace_dashboard_v6; function:create_tournament_workspace_v6; function:archive_tournament_workspace_v6; alter_table:tournament
rpc_create_event_admin.sql,1,1,1.00,function,function:create_event_admin,function:create_event_admin
rpc_record_login.sql,1,0,0.00,function,function:record_login_session,
supabase_fk_cascade.sql,2,2,1.00,alter_table,alter_table:matches; alter_table:teams,alter_table:matches; alter_table:teams
supabase_rpc.sql,1,1,1.00,function,function:generate_round_robin_schedule,function:generate_round_robin_schedule
supabase_setup.sql,44,22,0.50,table;policy;index;alter_table;drop,table:accounts; table:tournament; table:events; table:teams; table:groups; table:matches; table:audit_logs; policy:cho phép mọi người xem thông tin giải đấu on tournament; policy:cho phép mọi người xem nội dung thi đấu on events; policy:cho phép mọi người xem danh sách đội bóng on teams; policy:cho phép mọi người xem danh sách bảng đấu on groups; policy:cho phép mọi người xem lịch và kết quả trận on matches; policy:cho phép mọi người xem nhật ký hoạt động on audit_logs; policy:cho phép mọi người xem danh sách tài khoản on accounts; policy:cho phép ghi tự do cho anon và authenticated on tournament; policy:cho phép ghi tự do cho anon và authenticated on events; policy:cho phép ghi tự do cho anon và authenticated on teams; policy:cho phép ghi tự do cho anon và authenticated on groups; policy:cho phép ghi tự do cho anon và authenticated on matches; policy:cho phép ghi tự do cho anon và authenticated on audit_logs; policy:cho phép ghi tự do cho accounts on accounts; index:idx_tournament_tenant_id; index:idx_events_tenant_id; index:idx_teams_event_id; index:idx_teams_tenant_id; index:idx_groups_event_id; index:idx_groups_tenant_id; index:idx_matches_event_id; index:idx_matches_tenant_id; index:idx_audit_logs_tenant_id; alter_table:tournament; alter_table:events; alter_table:teams; alter_table:groups; alter_table:matches; alter_table:audit_logs; alter_table:accounts; drop:table:matches; drop:table:groups; drop:table:teams; drop:table:events; drop:table:tournament; drop:table:audit_logs; drop:table:accounts,table:accounts; table:tournament; table:events; table:teams; table:groups; table:matches; table:audit_logs; index:idx_tournament_tenant_id; index:idx_events_tenant_id; index:idx_teams_event_id; index:idx_teams_tenant_id; index:idx_groups_event_id; index:idx_groups_tenant_id; index:idx_matches_event_id; index:idx_matches_tenant_id; alter_table:tournament; alter_table:events; alter_table:teams; alter_table:groups; alter_table:matches; alter_table:audit_logs; alter_table:accounts
supabase_trigger_knockout.sql,3,2,0.67,function;trigger;drop,function:trg_auto_advance_winner; trigger:trg_auto_advance_winner_trigger; drop:trigger:trg_auto_advance_winner_trigger,function:trg_auto_advance_winner; trigger:trg_auto_advance_winner_trigger
supabase_view_standings.sql,1,0,0.00,view,view:view_team_standings,
